Company Name,Website
REGENXBIO,https://regenxbio.com
Ultragenyx,https://ultragenyx.com
Taysha Gene Therapies,https://tayshagtx.com
Abeona Therapeutics,https://abeonatherapeutics.com
Neurogene,https://neurogene.com
Sangamo Therapeutics,https://sangamo.com
Replimune,https://replimune.com
Rocket Pharmaceuticals,https://rocketpharma.com
4D Molecular Therapeutics,https://4dmoleculartherapeutics.com
Tenaya Therapeutics,https://tenayatherapeutics.com
Capsida Biotherapeutics,https://capsida.com
Encoded Therapeutics,https://encoded.com
Tune Therapeutics,https://tunetx.com
Jaguar Gene Therapy,https://jaguargenetherapy.com
StrideBio,https://stridebio.com
Krystal Biotech,https://krystalbio.com
Forge Biologics,https://forgebiologics.com
Andelyn Biosciences,https://andelynbio.com
Viralgen,https://viralgen.com
Iovance Biotherapeutics,https://iovance.com
Legend Biotech,https://legendbiotech.com
Allogene Therapeutics,https://allogene.com
Fate Therapeutics,https://fatetherapeutics.com
Immatics,https://immatics.com
Atara Biotherapeutics,https://atarabio.com
Capricor Therapeutics,https://capricor.com
Homology Medicines,https://homologymedicines.com
Solid Biosciences,https://solidbio.com
Passage Bio,https://passagebio.com
bluebird bio,https://bluebirdbio.com
Affinia Therapeutics,https://affiniatx.com
Generation Bio,https://generationbio.com
Stoke Therapeutics,https://stoketherapeutics.com
Spirovant Sciences,https://spirovant.com
Siren Biotechnology,https://sirenbiotechnology.com
AAVantgarde Bio,https://aavantgarde.com
Purespring Therapeutics,https://purespringtx.com
Amber Bio,https://amber.bio
AskBio (Bayer),https://askbio.com
Spark Therapeutics (Roche),https://sparktx.com
Sarepta Therapeutics,https://sarepta.com
Lexeo Therapeutics,https://lexeotx.com
Apertura Gene Therapy,https://aperturagtx.com
Caribou Biosciences,https://cariboubio.com
Arcellx,https://arcellx.com
Instil Bio,https://instilbio.com
Autolus Therapeutics,https://autolus.com
Cellectis,https://cellectis.com
Poseida Therapeutics (Roche),https://poseida.com
2seventy bio (BMS),https://2seventybio.com
Gracell Biotechnologies (AstraZeneca),https://gracellbio.com
Kite Pharma (Gilead),https://kitepharma.com
Novartis Cell Therapy,https://novartis.com
